NUTS_CODE,NUTS_BN_CODE
TRB12,1
TRB12,2
TR521,3
TR712,4
TR715,5
PT170,10
EL644,11
EL644,12
TR332,14
TRB14,15
TRB13,16
TR412,17
EL644,18
TR333,19
TRB11,20
TRB11,21
EL643,22
EL643,23
EL631,24
EL631,25
ITF63,29
ITF63,30
TR521,31
TR521,32
TR333,33
TR412,34
EL643,35
PT186,36
EL644,37
EL644,38
PT186,41
EL542,43
TR723,44
TR722,45
ES422,46
TR715,48
TR310,49
TR331,50
TR331,51
TR331,52
TRB22,53
TRB21,54
ES431,58
ES431,59
ES432,60
TR715,61
TR723,62
ES423,63
ES523,64
ITG2F,65
PT185,66
TRB22,67
TRB22,68
ES423,69
PT185,70
PT185,71
ITF62,72
EL543,75
EL611,76
TRB14,77
TRB14,78
TRB13,79
TRB13,80
TRB13,81
EL432,100
EL434,103
EL433,105
EL433,106
TR622,117
TR611,124
ES615,132
TRC11,138
TRC11,139
TR323,140
TRC13,142
ES618,145
ES618,146
ES617,147
TR323,148
TR631,149
TR633,150
TR633,151
ITG18,152
TR622,153
ITG18,156
ITG19,157
ES617,160
TRC11,161
ES618,162
ES617,163
TR611,165
ITG17,166
TR622,167
TR613,168
ITG19,169
ES614,178
TR612,179
TR611,180
TR713,181
TR622,182
TRC21,184
TRC21,185
PT181,187
TR323,189
TR323,190
EL653,191
EL653,192
TRC11,193
TRC12,194
TR323,195
PT184,196
PT184,197
ES615,198
TRC31,199
EL307,202
ITG16,203
TR522,204
TRC33,205
TRC33,206
ITG15,207
ITG15,208
TRC33,209
TRC31,210
TRC32,211
TR633,213
TR633,214
TR633,215
ITG14,216
ITG14,217
ITG14,218
TR322,219
TR332,220
TR613,221
TR713,222
TRC34,225
TRC34,226
TRC33,227
TRB24,229
ITG17,231
ITG17,232
EL652,233
ITG16,234
ITG16,235
EL651,239
EL651,240
TRC34,244
TRC34,245
ES614,246
ES620,247
EL305,248
TRC12,249
ES618,250
ES618,251
EL305,254
EL304,255
EL304,256
TR713,258
TRC21,261
TRC22,262
ITG13,264
ES620,266
ITG12,268
EL303,269
EL303,270
EL306,271
EL306,272
EL302,273
ES616,274
ES614,275
TR322,276
EL306,277
EL305,280
EL305,281
EL633,284
TR321,285
TR331,286
ES618,287
ES618,288
EL652,289
TRC12,293
TRC22,294
PT184,298
PT184,299
ES615,300
EL306,301
EL306,302
TR632,303
TRB11,304
TR331,305
TRC34,306
TRC34,307
TRC34,308
TR332,309
TRC22,311
TR721,312
TR721,313
PT184,314
PT187,315
PT187,316
EL305,317
TR721,320
ES616,321
TR332,326
TR612,327
TR713,328
TR714,329
TRC22,332
TR334,333
TR332,334
TRC32,335
EL642,336
EL642,337
ES616,342
ES616,343
TR721,344
PT181,345
PT187,346
ITF65,347
ITF63,348
EL645,349
EL644,350
TRC32,351
TRC32,352
TR722,353
TRB11,354
TR712,356
ES620,357
ES620,358
TRC22,360
TRC22,361
ES613,362
ES613,363
TR334,364
PT187,365
PT187,368
EL645,369
EL645,370
ES521,371
EL644,372
TR334,373
ITF63,375
TR714,376
ES523,378
TR334,382
TRB23,383
TRB23,384
PT187,387
PT187,388
TR721,389
PT187,390
TRB23,391
TRB23,392
PT185,393
TR510,394
TR822,395
EL533,396
EL533,397
EL533,398
EL531,399
TR421,402
TR421,403
EL524,404
EL522,405
ITF52,406
AL032,407
AL032,408
ES522,410
TR222,411
TR222,412
TR222,413
ES522,414
ITF47,415
ITF44,416
PT16G,418
TR906,421
TR906,422
TR822,423
PT16J,425
TR833,426
ITF51,427
TRA11,428
ITF52,429
ITF52,430
ITF52,431
EL524,432
ITF35,433
ITF35,434
EL533,435
TR834,437
ITF47,438
TR832,443
TR902,444
TRA11,445
TRA24,446
ITF51,447
MK005,448
MK005,449
EL533,450
ES424,451
TR903,452
PT11A,454
PT11A,455
TR904,456
TR424,460
EL523,461
EL523,462
EL526,463
EL526,464
ITF34,465
ITF33,466
ITF33,467
PT11C,469
PT11C,470
PT11D,471
PT16J,472
PT16J,473
PT16J,474
TR811,475
TR812,476
AL033,477
AL033,478
ES418,479
ITI43,480
ITI43,481
ITI43,482
ES513,483
ES512,484
MK007,485
MK007,486
FRM02,489
BG415,490
ITI42,492
ITF13,493
ITF14,496
AL012,498
AL012,499
ES230,500
ES230,501
ES513,503
ES512,504
ES513,505
ES413,506
ITF13,507
BG414,509
ME000,510
BG423,511
BG423,512
ME000,513
ME000,514
ES114,517
ES113,518
ITI42,519
ITF12,520
ES412,523
ES230,524
ITI42,525
RS228,526
BG415,527
BG415,528
FRJ21,529
BG343,530
BG343,531
BG343,532
ITI42,534
ES513,535
ES241,536
BG414,539
BG421,540
ITI42,541
ITI42,542
ES243,543
ES243,544
ES243,545
BG344,546
BG421,547
BG421,548
ES414,549
BG344,550
ITI41,551
ITI41,552
BG344,553
BG344,554
RS228,556
RS228,557
RS228,558
ES513,559
ES513,560
BG412,561
ITI41,563
ITI41,564
FRJ15,565
ES114,568
ES114,569
ES114,570
ES241,571
ITI34,572
RS224,573
ITI22,574
ITI22,575
ITI22,576
RS226,578
BG414,579
ITI34,580
ITI34,581
ES220,583
ES413,584
BG342,585
ES241,586
ES241,587
BG342,589
BG341,590
BG341,591
BG334,592
BG334,593
BG342,594
ME000,595
ME000,596
ES414,597
ES414,598
ES414,599
BG412,600
ITI35,601
RS226,603
ES212,605
ITI1A,607
ES412,608
RS229,611
RS229,612
RS225,613
BG412,614
ES412,615
ES412,616
ES412,617
ES213,618
ITI1A,619
ITI1A,620
ITI21,621
HR037,622
BG322,624
BG322,625
ES413,626
ES413,627
RS226,628
BG412,629
BG315,630
ITI33,631
BG315,633
BG321,634
FRJ23,638
FRJ23,639
FRJ21,640
AL033,641
AL032,642
ITF51,643
TRA24,644
TR822,646
TR822,647
ES514,648
TR423,649
TR423,650
TR903,652
TR834,654
TR834,655
AL031,656
MK003,657
MK005,658
TR811,660
EL524,661
EL524,662
ES415,664
ITF51,665
ITF51,666
TR421,667
ES424,668
TR902,669
ES418,671
ES416,672
ES416,673
ES424,674
MK001,675
MK004,676
ES418,677
TR421,679
EL515,684
EL515,685
PT11D,686
TR833,687
ITF48,689
ES243,693
EL513,694
ES514,696
ITF34,697
ITF46,698
PT11E,700
ES419,701
PT11D,702
ES424,703
ES424,704
ES424,705
TR812,706
EL513,707
EL513,708
EL513,709
EL512,710
MK003,711
EL511,712
TR212,713
TR833,714
TR833,715
TR833,716
TR905,718
ITI44,719
MK004,720
EL526,721
EL526,722
MK004,723
AL022,724
AL021,725
PT11C,726
EL514,727
EL512,728
EL526,729
ITF32,730
EL526,731
ES513,732
PT11D,733
PT11A,734
TR212,736
ITF48,737
TRA24,740
TRA24,741
PT11D,742
PT11E,743
ITF31,744
PT11C,745
PT11C,746
ITI45,747
ITF31,748
PT11A,750
ITF32,751
ITF46,752
AL022,753
AL022,754
AL022,755
MK004,756
EL514,759
EL514,760
MK004,762
MK004,763
TR211,764
AL015,766
ES514,767
ES514,768
TR813,769
TR821,770
TR821,771
ES417,772
ES417,773
AL015,775
TR213,776
TR813,779
MK003,780
ES418,781
ES416,782
ITI45,783
MK005,784
MK005,785
MK005,786
ITI44,788
ITI44,789
TR831,790
BG424,792
ITI45,793
PT119,794
PT11B,795
MK004,796
EL511,798
TR212,799
MK003,800
ITF22,801
ES418,802
BG425,803
PT112,804
PT112,805
PT112,806
PT11B,807
MK006,808
MK006,809
MK008,810
MK006,813
TR821,815
AL014,816
AL014,817
ITF21,819
ITF21,820
MK006,821
PT11B,822
PT11E,823
PT11E,824
BG425,825
BG425,826
TR212,827
ITF46,828
BG424,831
BG424,832
ITI45,833
ITI45,834
ITI45,835
TR823,837
TR823,838
ES417,839
PT11E,840
PT11E,841
MK008,842
TR212,844
TR213,845
TR213,846
ES243,848
MK007,851
MK002,852
MK002,853
ES417,854
ES417,855
ES417,856
AL013,857
AL013,858
ES419,859
ITF22,860
ITF14,862
TR213,863
TR213,864
BG415,865
BG415,866
BG422,867
MK008,869
MK008,870
ITI43,871
PT111,872
PT111,873
MK007,874
MK007,875
MK002,876
BG413,879
BG423,880
BG423,881
BG422,882
BG422,883
BG422,884
BG422,885
MK008,887
ES419,888
ES419,889
BG344,890
ES418,892
ES418,893
ES425,894
PT186,895
TR333,899
EL613,900
TR412,903
PT186,904
PT186,905
PT16F,911
EL543,912
TR715,913
TR723,914
TR723,915
EL542,916
EL542,917
ITG2G,918
EL612,919
EL611,921
EL611,922
TR411,923
TR411,924
TR413,925
ES523,926
ITG2H,927
PT16I,931
TR723,932
PT16I,933
PT16I,934
TRA21,935
TR723,936
TRA22,940
TRA23,941
TRA13,942
TRA12,943
PT16H,944
PT16F,947
ITF61,948
ES425,950
TRA12,951
EL543,952
TRA12,953
TRA12,954
ES432,956
ITF61,957
TR412,959
TRA23,960
TR413,962
TR413,963
TR412,964
ES523,965
ES523,966
ES523,967
EL543,968
ES423,969
EL612,970
EL612,971
EL612,972
ES425,975
TR832,976
TR833,977
TR834,978
PT16J,979
ES432,980
TR833,981
PT16J,982
ES425,983
ES432,984
TR413,985
EL531,986
TR222,987
ITG2G,988
TR711,990
TR822,991
EL543,994
EL543,995
ITF45,997
TR411,999
ES423,1002
ITG2G,1004
AL035,1005
AL035,1006
TR832,1007
AL035,1008
AL035,1009
ES432,1010
EL525,1013
PT16J,1014
PT16E,1016
PT16G,1017
ITF45,1018
TR413,1021
TR413,1022
TR902,1025
TR903,1026
EL532,1027
EL532,1028
TRA13,1031
TRA13,1032
TR411,1033
TR411,1034
TR421,1035
TR411,1036
TRA13,1037
TRA13,1038
ES424,1040
ES424,1041
EL532,1042
EL527,1043
AL034,1048
ES411,1049
TR424,1051
ITG2E,1052
ITG2E,1053
TRA22,1054
EL531,1055
RO226,1056
RO224,1057
RO415,1058
ITC4C,1059
ITC4A,1060
RO316,1061
RO316,1062
RO222,1063
ITC4C,1064
HR023,1065
HR023,1066
HR023,1067
RO415,1068
RO415,1069
ITC20,1070
ITC20,1071
ITC13,1072
ITH36,1074
RO311,1075
RO311,1076
FRK27,1077
FRK27,1078
ITC4C,1079
ITC4D,1080
ITC4C,1081
ITC4D,1083
RS123,1084
RO424,1085
RO423,1086
ITC4D,1087
HR028,1088
HR028,1089
SI038,1090
SI037,1091
ITH36,1092
ITH36,1093
ITH32,1094
FRI23,1095
RS126,1096
FRI31,1097
FRI23,1098
ITC20,1099
ITC20,1100
ITC13,1102
FRI22,1103
FRK14,1104
ITC4D,1105
ITC4D,1106
SI044,1107
SI044,1108
SI037,1109
HR027,1110
RS125,1111
RS124,1112
ITC15,1113
ITC20,1114
ITC20,1115
HR025,1118
SI038,1119
ITH35,1120
SI037,1121
RS126,1122
RS126,1123
RS126,1124
RO222,1125
RO226,1126
ITH44,1127
SI044,1128
FRK26,1129
FRI31,1130
SI044,1131
SI044,1132
SI044,1133
ITC15,1134
ITC41,1135
ITC42,1136
ITH31,1137
ITH31,1138
ITH41,1139
ITH42,1140
FRK24,1141
HU231,1142
SI043,1143
SI041,1144
ITC4A,1630
FRK25,1632
RO225,1633
ITC11,1635
HR026,1636
RO415,1637
HR025,1638
FRK12,1639
FRK14,1640
HR028,1641
HR028,1642
SI044,1643
HR036,1644
SI044,1645
RS123,1646
AT225,1647
AT225,1648
HU331,1649
RO113,1650
ITH10,1651
RO111,1652
HU331,1654
HU331,1655
FRG05,1656
FRG05,1657
AT226,1658
AT225,1659
HU223,1660
HU223,1661
HU223,1662
CH056,1663
LI000,1664
CH056,1665
FRI33,1666
FRI34,1667
ITH10,1668
ITH10,1669
ITH10,1670
RO214,1671
AT321,1672
RO125,1673
RO215,1674
AT333,1675
AT333,1676
AT322,1677
CH063,1678
FRC13,1679
FRC13,1680
RO125,1681
RO215,1682
CH066,1683
LI000,1684
AT341,1685
AT341,1686
CH066,1687
FRI34,1688
FRB04,1689
FRC21,1690
CH025,1691
CH024,1692
CH024,1693
CH063,1694
CH055,1695
FRB04,1696
AT226,1697
AT225,1698
FRB05,1699
FRB03,1700
CH063,1701
CH063,1702
AT226,1703
HU332,1704
HU332,1705
CH061,1706
CH066,1707
CH066,1708
AT321,1709
CH061,1710
FRC22,1711
CH033,1712
AT341,1713
LI000,1714
LI000,1715
RO214,1716
RO214,1717
AT322,1718
AT321,1719
AT321,1720
RO215,1721
CH025,1722
CH023,1723
CH023,1724
FRC22,1725
FRC22,1726
FRC23,1727
AT223,1728
AT224,1729
HU213,1730
DE149,1731
DE27C,1732
DE21L,1733
DE21L,1734
AT311,1736
FRF12,1737
DE133,1738
DE133,1739
DE21M,1740
AT315,1741
AT315,1742
AT127,1743
SK010,1744
FRF12,1745
DE21K,1746
DE21K,1747
DE21K,1748
DE21H,1749
DE21G,1750
HU313,1751
HU312,1752
HU312,1753
AT127,1754
DE21M,1755
DE21M,1756
DE137,1757
DE143,1758
FRB06,1759
DE279,1760
FRH04,1761
SK032,1762
HU313,1763
DE136,1764
AT127,1765
SK010,1766
AT127,1767
AT130,1768
DE136,1769
DE136,1770
FRH04,1771
FRH04,1772
FRH04,1773
DE21E,1774
FRB02,1775
DE21C,1776
AT311,1777
DE276,1778
DE21H,1779
DE21A,1780
DE279,1781
DE278,1782
DE146,1783
DE276,1784
DE275,1785
DE275,1786
AT312,1787
DE149,1788
DE146,1789
DE217,1790
DE21H,1791
DE21H,1792
FRF11,1793
DE134,1794
DE134,1795
DE276,1796
DE275,1799
DE21C,1800
DE21H,1801
DE149,1802
DE149,1803
DE149,1804
FRB06,1805
AT130,1806
AT130,1807
AT311,1808
DE21H,1809
DE21H,1810
FRF34,1811
FRF34,1812
FRF12,1813
AT123,1814
FRB06,1815
FRB06,1816
DE21G,1817
DE135,1818
DE279,1819
DE21G,1820
DE22A,1821
DE143,1822
AT313,1823
AT124,1824
DE135,1825
DE143,1826
HU323,1827
FRG04,1828
FRG04,1829
AT124,1830
AT126,1831
FR102,1832
FRF22,1833
SK042,1834
DE143,1836
DE143,1837
FRF34,1838
AT312,1839
DE227,1840
DE22A,1841
DE21B,1842
DE227,1843
AT313,1844
SK010,1845
DE21B,1846
FRG04,1847
DE275,1848
DE21J,1849
DE279,1850
DE279,1851
DE279,1852
FRB02,1853
DE276,1854
DE275,1855
SK032,1856
DE145,1857
DE145,1858
DE145,1859
DE145,1860
DE278,1861
DE275,1862
AT126,1863
AT126,1864
FRF34,1865
DE22A,1866
DE142,1867
FRH03,1868
FRG03,1869
DE278,1870
AT313,1871
FRF34,1872
FRF34,1873
DE278,1874
DE278,1875
DE142,1876
FRG03,1877
FRF24,1878
SK010,1879
SK021,1880
DE145,1881
FRF31,1882
FRH03,1883
DE141,1884
SK032,1885
SK042,1886
SK042,1887
AT311,1888
AT313,1889
DE227,1892
DE276,1893
AT311,1894
AT311,1895
DE227,1896
DE227,1897
DE228,1898
RO116,1899
FRC12,1900
RO116,1901
CH055,1902
CH055,1903
HU222,1904
RO114,1905
RO113,1906
CH054,1907
CH055,1908
HU213,1909
AT334,1910
AT334,1911
AT334,1912
AT334,1913
AT334,1914
CH055,1915
AT224,1916
AT224,1917
AT226,1918
AT226,1919
CH025,1920
CH025,1921
HU222,1922
FRC21,1923
RO116,1924
RO116,1925
RO116,1926
AT332,1927
AT335,1928
AT335,1929
HU222,1930
HU222,1931
HU222,1932
HU221,1934
HU221,1935
AT122,1936
AT113,1937
CH033,1938
CH033,1939
RO215,1940
AT322,1941
AT342,1942
DE27E,1943
AT335,1944
AT322,1945
FRF12,1946
CH032,1947
CH032,1948
FRC24,1949
FRF12,1950
FRB01,1951
AT323,1952
AT331,1953
CH033,1954
CH055,1955
DE27A,1956
DE27E,1957
CH057,1958
CH055,1959
DE27E,1960
DE27E,1961
DE27B,1962
DE27B,1963
CH032,1964
FRC23,1965
FRC24,1966
FRF12,1967
CH032,1968
CH032,1969
CH040,1970
AT224,1971
AT224,1972
AT224,1973
FRB06,1974
FRC14,1975
HU212,1976
HU211,1977
CH033,1978
CH033,1979
HU322,1980
RO213,1981
RO213,1982
FRF12,1984
CH031,1985
AT335,1986
RO114,1987
RO215,1988
RO111,1989
RO111,1990
RO115,1991
RO115,1992
FRC23,1993
FRB04,1994
DE27A,1995
DE27B,1996
AT335,1997
FRB05,1998
FRB06,1999
FRB06,2000
CH040,2001
HU120,2002
HU120,2003
FRH04,2004
AT335,2005
DE27A,2006
DE27E,2007
AT122,2008
HU322,2009
CH057,2010
HU322,2011
HU322,2012
AT112,2013
HU221,2014
HU221,2015
AT322,2016
AT322,2017
CH057,2018
CH057,2019
CH057,2020
CH052,2021
CH040,2022
DE21N,2023
DE21D,2024
FRB04,2025
FRB05,2026
AT335,2027
AT335,2028
AT335,2029
AT335,2030
AT315,2031
AT323,2032
RO215,2033
HU312,2034
HU221,2035
AT223,2036
FRF12,2037
AT314,2038
AT222,2039
SK023,2040
FRG04,2041
CH052,2042
CH052,2043
FRG02,2044
FRG03,2045
DE27E,2046
AT223,2047
AT223,2048
DE273,2049
DE273,2050
CH052,2051
CH052,2052
FRH03,2053
FRH03,2054
FRG03,2055
FRC24,2056
FRC24,2057
SK023,2058
HU212,2059
DE27E,2060
DE21N,2061
DE148,2062
DE148,2063
FRF34,2064
FRF12,2065
DE139,2066
DE139,2067
DE13A,2068
DE27B,2069
DE147,2070
DE149,2071
DE149,2072
DE13A,2075
DE13A,2076
DE138,2077
DE27E,2078
DE27E,2079
AT122,2080
AT122,2081
AT122,2083
DE21F,2084
FRC14,2085
DE21H,2086
DE21K,2087
FRF24,2088
FRF34,2089
DE21K,2090
DE21K,2091
DE138,2092
DE149,2093
DE27C,2094
DE21K,2095
DE21N,2096
DE21N,2097
RO115,2098
HU321,2099
HU323,2100
HU323,2101
DE21M,2102
AT323,2103
FRF22,2104
RO115,2105
RO115,2106
DE274,2108
DE274,2109
DE21L,2110
DE21H,2111
RO215,2113
RO215,2114
FRB06,2115
AT323,2116
DE149,2117
DE148,2118
AT315,2119
HU221,2120
AT323,2121
AT323,2122
DE136,2123
SK010,2124
SK021,2125
DE274,2126
DE272,2127
DE272,2128
FRF22,2129
FRF24,2130
FRF24,2131
SK023,2132
HU313,2133
DE132,2134
DE132,2135
DE132,2136
DE133,2137
DE137,2138
SK023,2139
AT123,2140
AT127,2141
DE21L,2142
DE27C,2143
FRB05,2144
FRB05,2145
DE276,2146
DE27B,2147
AT314,2148
AT314,2149
AT314,2150
SI041,2151
SI035,2152
FRK26,2153
ITC42,2154
ITC44,2155
RO124,2156
RO211,2157
SI034,2158
RO126,2159
RO126,2160
FRK25,2161
FRK25,2162
RO421,2163
SI032,2164
HR062,2165
HU232,2166
FRK26,2167
FRI33,2168
FRI33,2169
HR063,2170
HR063,2171
FRK21,2172
HU232,2173
FRI32,2175
ITC47,2176
ITH20,2177
CH013,2178
FRK28,2179
FRK28,2180
FRI23,2181
HR061,2182
HU223,2183
RO423,2184
RO121,2185
HU233,2186
SI042,2187
SI041,2188
SI042,2189
SI032,2190
HR061,2191
HR061,2192
FRI34,2193
FRB03,2194
RO121,2195
ITH41,2196
ITH42,2197
FRK21,2198
FRK11,2199
FRB03,2200
FRB01,2201
FRK28,2202
CH012,2203
CH012,2204
RO125,2205
FRK28,2206
SI043,2207
SI043,2208
SI042,2209
FRK21,2210
ITH20,2211
SI034,2212
ITC14,2213
ITC14,2214
ITC14,2215
FRK21,2216
HU223,2217
SI034,2218
SI034,2219
SI032,2220
SI031,2221
ITH20,2222
ITH33,2223
SI042,2224
SI042,2225
CH070,2226
ITH10,2227
CH021,2228
FRC22,2229
FRC22,2230
ITH42,2231
RO121,2232
RO121,2233
CH070,2234
CH070,2235
CH070,2236
ITC44,2237
ITC44,2238
ITH42,2239
ITH42,2240
ITH42,2241
RO421,2242
RO111,2243
SI033,2244
CH021,2245
CH062,2246
SI033,2247
SI033,2248
ITH33,2249
ITH33,2250
ITH33,2251
ITH33,2252
RO211,2253
AT213,2254
SI032,2255
SI032,2256
SI032,2257
SI031,2258
FRB03,2259
FRK11,2260
FRK11,2261
HU232,2262
AT212,2263
AT212,2264
CH062,2265
RO214,2266
RO216,2267
HU233,2268
CH064,2269
FRB01,2270
FRK11,2271
HU333,2272
HU333,2273
RO125,2274
HU333,2275
HU333,2276
HU333,2277
HU333,2278
CH062,2279
AT333,2280
AT333,2281
SI031,2282
FRC21,2284
FRC21,2285
CH024,2286
CH022,2287
CH022,2288
CH056,2289
ITH10,2290
CH064,2291
HU233,2292
HU233,2293
HU331,2294
SI031,2295
SI031,2296
RO216,2297
RO216,2298
CH022,2299
CH024,2300
CH022,2301
CH056,2302
CH062,2303
AT213,2304
AT213,2305
AT226,2306
ITH10,2307
HU232,2308
HU232,2309
CH064,2310
CH064,2311
CH065,2312
FRI33,2313
CH021,2314
FRC22,2315
CH024,2316
CH065,2317
CH063,2318
CH065,2319
CH065,2320
DEB3J,2321
PL823,2322
PL821,2323
PL824,2324
PL824,2325
DE71B,2326
DE269,2327
DE246,2328
DE23A,2329
DE26C,2330
DE26C,2331
BE342,2332
LU000,2333
DEB15,2334
CZ020,2335
CZ020,2336
CZ063,2337
DE269,2338
DE248,2339
DE248,2340
DE26B,2341
DE26A,2342
DEB25,2343
DEB25,2344
DEB22,2345
DEB1D,2346
DE245,2347
DE26C,2348
DE26B,2349
DE26B,2350
DEB25,2351
DEB25,2352
DE23A,2353
PL225,2354
PL227,2355
DE269,2356
DE269,2357
DE264,2358
DE269,2359
DE269,2360
DE269,2361
DEB3J,2362
DE264,2363
DE26C,2364
DE26C,2365
DE71C,2366
DE716,2367
DE716,2368
PL22C,2369
PL22C,2370
PL225,2371
FRF21,2372
FRF21,2373
DE717,2374
DE71C,2375
DEB22,2376
FRE21,2377
DE246,2378
DE245,2379
PL21A,2380
DE246,2381
DE71C,2382
DE71C,2383
DE264,2384
DEB35,2385
DEB1D,2386
DEB3J,2387
DE246,2388
DE246,2389
DE24C,2390
DE717,2391
FRE23,2392
FRE21,2393
DE71C,2394
DE264,2395
DEB3J,2396
DEB3J,2397
DEB3J,2398
DEB35,2399
BE344,2400
FRE23,2401
DE26B,2402
DE24D,2403
DE23A,2404
DE71A,2405
DE717,2406
DE71C,2407
FRE23,2409
PL227,2410
DEB3J,2411
DE264,2412
DEB3J,2413
DEB3J,2414
DEB23,2415
DE26A,2416
CZ032,2417
DE267,2418
DE247,2419
DE24C,2420
DEB24,2421
DEB22,2422
CZ041,2423
CZ042,2424
DE24D,2425
BE351,2426
BE351,2427
BE344,2428
CZ020,2429
DE26B,2430
DE26B,2431
PL823,2432
DE24B,2433
DE249,2434
LU000,2435
DE71C,2436
DE71C,2437
PL22C,2438
DE713,2439
DE719,2440
DE264,2441
CZ053,2442
DE71D,2443
DE71A,2444
FRF21,2445
FRF21,2446
DE71A,2447
DE24C,2448
DE24C,2449
DEB1D,2450
PL22C,2451
PL523,2452
DE719,2453
LU000,2454
LU000,2455
PL214,2456
DE26B,2457
PL517,2458
PL517,2459
CZ071,2460
PL22C,2461
DE71D,2462
DE71A,2463
DE24C,2464
DE24C,2465
PL217,2466
CZ020,2467
CZ020,2468
DE24D,2469
DE24D,2470
DE718,2471
DE71E,2472
DE267,2473
DE26A,2474
DE26A,2475
DE26B,2476
DE26B,2477
DE267,2478
DE267,2479
DEB1D,2480
DEB1D,2481
PL22C,2482
PL22C,2483
PL524,2484
PL229,2485
DE22A,2486
DE22A,2487
DE142,2488
DE142,2489
DE142,2490
DE134,2491
DE141,2492
ITH34,1145
HR022,1146
HR022,1147
HU231,1148
ITC20,1149
HU331,1150
RS121,1151
ITC20,1152
ITC20,1153
HR021,1154
ITC12,1155
ITC14,1156
FRK25,1157
FRK27,1158
FRK28,1159
HR064,1160
HR065,1161
FRI32,1162
RO424,1163
SI036,1164
HR064,1165
SI041,1166
ITH32,1167
ITH33,1168
HR022,1169
HU232,1170
RS121,1171
RS125,1172
SI043,1173
ITC46,1174
SI037,1175
SI037,1176
SI037,1177
HR063,1178
HR063,1179
RO121,1180
RO226,1181
ITH34,1182
ITH41,1183
HR021,1184
HR021,1185
ITH43,1186
ITH43,1187
SI043,1188
ITC46,1189
ITC47,1190
HR064,1191
HR062,1192
RO126,1193
SI036,1194
SI036,1195
SI036,1196
FRI33,1197
ITC41,1198
ITC41,1199
RO123,1200
HU331,1202
HU331,1203
RS124,1204
FRI34,1205
FRI31,1206
FRK28,1207
ITC43,1208
ITC44,1209
RO226,1210
RO224,1211
FRK14,1212
FRK14,1213
RS125,1214
RS125,1215
RS124,1216
RO226,1217
RO226,1218
RO424,1219
RO424,1220
RO125,1221
RO124,1222
ITC42,1223
FRK26,1224
RS125,1225
RS125,1226
FRJ21,1227
ITI35,1228
ITI35,1229
ES220,1231
ES220,1232
ES220,1233
FRJ26,1234
FRJ26,1235
RS217,1236
BG334,1238
ES112,1239
ES213,1240
ES212,1242
ES213,1243
RS229,1244
RS229,1245
RS226,1246
RS226,1247
ES130,1248
RS226,1249
RS226,1250
BG334,1252
FRJ13,1253
FRJ23,1255
FRJ27,1256
ITI19,1257
ITI32,1258
ITI33,1260
BG334,1264
BG334,1265
BG334,1266
ME000,1268
ES120,1270
ITI19,1271
ITI19,1272
ITI17,1276
FRJ26,1277
FRJ26,1278
FRI15,1279
FRJ24,1280
BG333,1281
BG332,1282
ITI21,1283
ITI31,1284
ITI31,1285
BG323,1287
BG321,1288
RO317,1289
BG333,1290
RO317,1292
RO317,1293
FRJ27,1294
BG333,1295
BG333,1296
BG314,1297
BG314,1298
RO414,1299
RO414,1300
RO317,1301
FRL05,1302
FRL06,1303
ES112,1305
ES112,1306
ITI32,1309
RS217,1311
ITI18,1312
ITI31,1313
RS216,1314
RS225,1315
ITI17,1317
FRJ24,1318
FRJ24,1319
FRL05,1320
BG313,1321
RO411,1322
FRL05,1323
BG312,1324
RO411,1325
ITI14,1326
ITI14,1327
ITI17,1329
RS225,1330
RS225,1331
RS225,1332
RS217,1333
ITI18,1337
ITI18,1338
RS217,1339
RS218,1340
ITI31,1341
FRJ22,1343
FRJ13,1344
FRJ28,1345
FRJ28,1346
FRJ27,1347
FRL04,1348
FRL06,1349
HR034,1351
BG324,1354
BG325,1355
ITI31,1356
HR035,1359
FRJ24,1362
BG332,1363
RO223,1364
RS223,1365
RO314,1366
BG325,1367
RO314,1368
RS223,1370
RS223,1371
ITC31,1372
FRJ24,1373
FRJ28,1374
RS221,1375
ITI15,1376
RO411,1377
ITI15,1379
ITI15,1380
ITC31,1381
ITC32,1382
RS214,1383
FRL06,1384
ITI13,1385
ITI13,1386
ITI13,1387
ITI14,1388
ITI14,1389
RO312,1390
RO223,1391
FRJ28,1392
FRJ27,1393
ITI14,1394
ITI14,1395
ITH59,1396
ITH59,1397
RS213,1400
RS212,1401
FRJ22,1402
FRL01,1403
HR034,1404
RS218,1407
RS221,1408
RO413,1409
ITI12,1412
FRI14,1413
RS214,1414
RS218,1415
ITI12,1416
ITI12,1417
FRL06,1418
ITH58,1419
RO314,1420
RS218,1421
RS227,1422
RS222,1423
RS227,1424
FRL06,1425
FRJ28,1426
RO312,1427
ITI11,1428
FRL03,1429
FRL03,1430
ITC16,1431
ITC16,1432
ITI11,1433
FRL06,1435
RO322,1436
FRJ28,1437
FRJ28,1438
FRJ28,1439
RO414,1442
RS218,1443
ITC34,1444
ITH52,1445
RO317,1446
RO317,1447
RO317,1448
ITI11,1449
HR033,1450
HR033,1451
FRJ14,1453
FRK22,1454
FRI13,1456
RS212,1457
ITC33,1458
ITC32,1459
RO322,1460
RO315,1461
ITC32,1462
ITC32,1463
RO411,1464
RO411,1465
RO314,1466
RO322,1467
RO322,1468
RO322,1469
ITH57,1470
ITH57,1471
ITH52,1472
RO413,1473
FRJ25,1474
RS213,1475
RS213,1476
RS212,1477
RS222,1478
RS222,1479
RS221,1480
RO413,1481
ITC33,1482
ITH51,1483
FRJ25,1484
ITH57,1485
RS213,1487
FRJ22,1488
FRL02,1489
ITC16,1490
RS227,1491
ITH51,1493
FRL02,1494
RO322,1495
ITC16,1496
ITC16,1497
RO412,1498
RO411,1499
RS227,1500
RS227,1501
FRK22,1502
FRI14,1503
FRI14,1504
RO315,1505
RO322,1506
RO322,1507
RO322,1508
RO315,1509
ITH55,1511
ITH55,1512
ITH56,1513
RO223,1514
RO225,1515
RO225,1516
RS222,1517
RS222,1518
ITC16,1519
ITC16,1520
ITC17,1521
RO316,1522
RO315,1523
RO415,1524
RO414,1525
FRK12,1526
RS213,1530
ITH54,1531
ITH54,1532
ITH53,1533
ITH53,1534
ITH52,1536
ITH54,1537
ITH56,1538
ITH56,1539
FRK12,1540
FRK13,1541
ITH56,1542
FRK12,1543
FRJ25,1544
FRJ25,1545
FRJ25,1546
ITH52,1548
ITH52,1549
RS127,1550
RS126,1551
RS126,1552
RS122,1553
FRI12,1555
FRI12,1556
RO413,1557
RO413,1558
RO413,1559
RO413,1560
ITH37,1561
ITC11,1562
ITC17,1563
ITC18,1564
HR032,1565
HR027,1566
FRL02,1567
FRL02,1568
ITH37,1569
ITH51,1570
ITH51,1571
ITH51,1572
ITH37,1573
RS127,1574
ITH37,1576
RS127,1579
RS127,1580
ITC48,1581
ITC18,1582
ITC18,1583
FRI32,1584
RS122,1585
ITC4B,1586
HR026,1589
FRK22,1590
RO412,1591
HR025,1592
ITH36,1593
FRK23,1594
FRK24,1595
ITC49,1597
ITC48,1598
RS126,1599
RS122,1600
FRI32,1601
HR028,1602
HR024,1603
RO412,1604
RO412,1605
FRK13,1606
FRK14,1607
FRK14,1608
FRK25,1609
FRK25,1610
FRK24,1611
RO313,1612
ITC48,1613
ITC4C,1614
ITC4C,1615
RO222,1616
ITC12,1617
RO225,1618
ITC4B,1620
ITH31,1621
HR027,1622
ITC4A,1623
RS123,1624
RS123,1625
RO313,1626
RO316,1627
FRI21,1628
ITC4C,1629
FRE11,2927
DEA2C,2928
BE310,2929
BE310,2930
BE328,2931
BE328,2932
DE733,2933
DEG0P,2934
FRE11,2935
FRE11,2936
FRE11,2937
CZ051,2938
PL515,2939
BE328,2940
DEA28,2941
DEA2C,2942
DEG0K,2943
DEG0L,2944
DEG0L,2945
DED45,2946
DE733,2947
PL824,2948
PL824,2949
PL824,2950
DEG0I,2951
DED42,2955
DED43,2956
DEG0I,2957
DEG0J,2958
UKK25,2959
UKK24,2960
BE332,2961
NL423,2962
DEG0L,2963
DEB13,2964
UKK43,2965
DE725,2969
DE735,2970
BE254,2971
PL815,2972
DEA2C,2973
DEG0P,2974
DEG0C,2975
PL524,2976
PL228,2977
CZ051,2978
DEA5A,2979
DE724,2980
UKJ27,2981
PL722,2982
DED45,2983
DED43,2984
DEA2C,2985
DED2D,2986
PL812,2987
UKJ37,2988
DEE0B,2989
DEA1D,2990
DEA1D,2991
UKJ46,2992
UKJ36,2993
UKJ37,2994
UKJ37,2995
DEA1D,2996
DEA1D,2997
PL721,2998
PL921,2999
DEG0A,3000
DEG09,3001
DEG09,3002
DEG0A,3003
UKJ44,3004
NL422,3006
NL422,3007
NL341,3008
DED53,3009
DEA12,3010
DEA1C,3011
DEA1C,3012
UKJ46,3013
BE236,3015
BE236,3016
DE734,3017
DE734,3018
DED53,3019
DED52,3020
DED52,3021
PL515,3022
UKJ45,3023
NL421,3026
DEA1C,3027
DEG0A,3028
NL341,3030
UKJ37,3032
UKJ37,3033
UKJ45,3035
DE91C,3037
DEG06,3038
NL342,3039
DE40B,3040
DED2E,3041
DED2E,3042
DEA1C,3043
DEA56,3044
DEA58,3045
DEA14,3046
UKJ25,3047
DED53,3048
DE407,3049
DEA1E,3050
DEA1F,3051
UKJ46,3052
UKJ46,3053
UKJ46,3054
UKJ46,3055
UKI63,3056
DED53,3057
DEA56,3058
DEA56,3059
DEA53,3060
DEA5C,3061
UKI63,3062
UKI62,3063
UKI62,3064
UKI62,3065
DEA1E,3066
DEA1F,3067
DEA56,3068
NL411,3069
BE213,3070
BE213,3071
DEG0A,3072
DEG0A,3073
NL414,3074
UKI75,3075
UKI63,3076
UKI61,3077
UKI61,3078
DE736,3079
UKJ43,3080
DEA16,3081
UKJ25,3082
DEA58,3083
DEA5B,3087
UKJ25,3088
UKJ25,3089
DEA17,3090
DEA16,3091
UKI75,3092
DEA5C,3093
DEA5B,3094
UKJ43,3095
DEA51,3097
DEA56,3098
DEA56,3099
UKI45,3101
UKI51,3102
UKJ11,3106
DEA17,3107
UKI75,3108
UKI75,3109
UKI75,3110
NL411,3112
NL412,3113
DEA51,3115
DEA57,3116
DEA57,3117
DEA44,3118
UKI45,3121
UKL22,3126
UKL22,3127
UKI42,3128
PL515,3131
PL516,3132
UKI41,3133
UKI42,3134
DEA52,3135
UKK15,3136
UKK15,3137
UKI33,3138
DEE0B,3140
DEA57,3141
DEA57,3142
DEA55,3143
DEA51,3144
DEA32,3145
UKI73,3146
UKI72,3147
DEA1F,3148
DEA17,3149
DEA31,3150
DEA13,3151
UKI72,3152
UKJ35,3153
UKJ36,3154
UKJ36,3155
UKJ28,3157
UKJ22,3158
DEG0F,3161
BE241,3162
BE241,3163
BE254,3164
BE256,3165
DEG0J,3166
BE235,3167
BE235,3168
BE257,3169
BE257,3170
BE254,3171
FRE11,3172
DEG0F,3173
DEG0G,3174
NL423,3175
DEG0M,3176
DED45,3177
DEB13,3179
UKK43,3181
DE735,3182
DEB13,3183
DEB13,3184
DEG0M,3185
UKJ36,3186
UKJ35,3187
UKJ36,3188
DEG0L,3189
DEA2C,3190
DEA2C,3191
DEA2D,3192
DEA2D,3193
DEA2D,3194
BE258,3195
BE234,3196
BE253,3197
BE256,3198
BE256,3199
PL515,3200
DEG0L,3201
DEG0L,3202
DEA5A,3203
DE736,3204
DEG0J,3205
DEG02,3206
BE232,3207
BE232,3208
BE241,3209
DEG0M,3210
DEG0G,3211
DEG0J,3212
DEG0J,3213
UKJ44,3214
UKK25,3215
PL722,3216
BE242,3217
DEG0P,3218
BE223,3219
FRE12,3221
FRE12,3222
BE223,3223
NL423,3224
UKJ45,3225
UKJ45,3226
BE256,3227
DEG0G,3228
DEA2B,3229
DEG0G,3230
DEG0G,3231
DEG0C,3232
DEG0D,3233
PL517,3234
PL518,3235
NL423,3236
DED43,3237
BE242,3238
BE242,3239
PL713,3240
BE241,3241
BE241,3242
BE241,3243
BE242,3244
BE242,3245
DEG0P,3246
DEA29,3247
DEA27,3248
DED2D,3249
DED2F,3250
DED2C,3251
PL524,3252
PL714,3253
NL423,3254
NL423,3255
BE252,3256
DED2F,3257
PL722,3258
PL722,3259
DEA27,3260
DEA27,3261
DED2F,3262
DED2F,3263
DEA24,3264
BE256,3265
BE257,3266
PL921,3267
PL815,3268
DEA59,3269
BE234,3270
UKK23,3271
UKK25,3272
DEG0P,3273
DEG0P,3274
DE735,3275
DE737,3276
DEA23,3277
DEA23,3278
UKJ36,3279
DEG0J,3280
DEG0J,3281
FRE11,3283
DEA29,3284
DEA24,3285
DEA2B,3286
DEG0M,3287
DEG0M,3288
UKJ27,3289
UKJ28,3290
DEG0C,3291
DEG0D,3292
BE257,3293
BE257,3294
BE236,3295
BE236,3296
BE232,3297
DEA5A,3298
BE258,3299
BE258,3300
BE255,3301
DEA5A,3302
DEA5A,3303
UKJ28,3304
DEG0G,3305
DEG0G,3306
PL524,3307
DEA2B,3308
BE236,3309
BE236,3310
PL518,3311
DEA1D,3312
UKJ28,3313
UKJ28,3314
UKJ28,3315
UKJ26,3316
UKJ46,3317
DEG0P,3318
DEG0P,3319
DEA2B,3320
BE224,3321
BE225,3322
BE225,3323
DEA2B,3324
DEA2B,3325
BE251,3326
BE258,3328
DEA19,3329
DE736,3330
PL524,3331
PL714,3332
DED2E,3333
DED2C,3334
DEA29,3335
BE212,3336
BE213,3337
DE735,3338
DE737,3339
NL422,3340
NL422,3341
DEA29,3342
DEG09,3343
PL523,3344
PL523,3345
PL523,3346
DEG0D,3347
DEA1A,3348
DEA2A,3349
DEA1C,3350
DEA1A,3351
UKJ36,3352
BE234,3353
DEA58,3354
DED52,3355
NL422,3356
NL341,3357
BE236,3358
DEA1E,3359
DEA1D,3360
DED53,3361
DED43,3362
UKK43,3364
DEA59,3365
DEA59,3366
DEA2A,3367
DEA56,3368
NL422,3369
DEG0D,3370
DEG0D,3371
BE225,3372
BE225,3373
NL414,3374
DEA58,3375
UKJ45,3376
BE251,3377
NL341,3378
DEE08,3379
DEA1E,3381
UKJ46,3382
DEG0A,3383
DEE0B,3384
PL518,3385
BE255,3387
DEA1C,3388
DEA56,3389
DE737,3390
UKK23,3393
UKK23,3394
UKJ26,3395
UKJ26,3396
UKJ26,3397
UKJ26,3398
UKJ26,3399
UKK15,3400
UKK15,3401
PL814,3402
PL812,3403
CZ080,3405
PL523,3406
BE343,3407
DE24B,3408
DE24B,3409
DE24A,3410
BE353,3411
DEB1A,3412
DEB24,3413
DEB1C,3414
DE723,3415
DE71D,3416
PL824,3417
DE249,3418
BE353,3419
DE247,3420
DE247,3421
DEB24,3422
DEB23,3423
DEB23,3424
DEB1A,3425
BE353,3426
BE353,3427
PL22A,3428
BE342,3429
BE342,3430
PL22A,3431
PL22B,3432
DEB24,3433
FRE23,3435
FRE23,3436
PL722,3437
PL824,3438
DE265,3439
FRE11,3440
DEB1A,3441
DEB24,3442
DEB24,3443
BE343,3444
PL822,3445
BE351,3446
BE343,3447
DEB17,3448
DEB17,3449
DEB1B,3450
DE247,3452
DE247,3453
DE24A,3454
DE71E,3455
DE249,3456
DE249,3457
DE266,3458
BE335,3459
CZ042,3460
DEB1B,3461
DEB1A,3462
DED44,3463
DED42,3464
PL824,3465
DE722,3466
DE723,3467
DE722,3468
BE352,3469
BE351,3470
DE265,3471
DE266,3472
DE249,3473
DE249,3474
DE24A,3475
UKK43,3477
UKK43,3478
PL22B,3479
PL21A,3480
BE329,3481
BE32D,3482
DE71E,3483
DE725,3484
DE732,3485
PL517,3486
PL523,3487
BE329,3488
BE329,3489
FRE11,3490
DEB1B,3491
BE329,3492
DEB17,3494
DEB18,3495
DE24A,3496
DE24A,3497
FRE11,3498
DEA28,3499
DE721,3500
DE725,3501
PL22B,3502
PL722,3503
CZ042,3504
DE266,3505
DE266,3506
UKK43,3507
PL22B,3510
CZ051,3511
CZ051,3512
CZ020,3513
DEG0H,3514
DEG0I,3515
BE329,3516
BE329,3517
BE352,3518
DED44,3519
PL524,3520
PL229,3521
DEG0I,3522
DEB12,3523
BE32C,3524
BE32C,3525
BE32B,3526
PL824,3527
BE352,3528
DEG0F,3529
BE334,3530
BE332,3531
DEG0E,3532
DEB1B,3533
DE723,3534
DEA2D,3535
PL523,3536
DEG0E,3537
BE323,3538
BE323,3539
DEB1B,3540
DEB12,3541
DEB18,3542
DEG0K,3543
DED42,3544
DEG0B,3545
BE352,3546
BE352,3547
PL517,3548
DEG0B,3549
DEG0F,3550
DEG0L,3551
DED45,3552
DEB1B,3553
DEB1B,3554
DE722,3555
DE724,3556
DE725,3557
BE32C,3558
BE32C,3559
DEB18,3560
DEB18,3561
FRE11,3562
BE335,3563
DEB1B,3564
DEG0F,3569
BE334,3570
DE928,3571
DE928,3572
DE929,3573
UKG22,3574
UKG22,3575
UKG24,3576
DEA46,3577
DEE0D,3578
UKF24,3579
UKF25,3580
DE914,3581
DE917,3582
DE40E,3583
UKG36,3584
DE917,3585
DE917,3586
DE40E,3587
DE40E,3588
UKG33,3589
DE949,3590
DE94E,3591
DE40C,3592
DE40C,3593
DE40C,3594
NL211,3595
NL213,3596
NL213,3597
DE914,3598
DEE07,3599
DE94E,3600
DEA46,3601
DEA46,3602
DE408,3603
DE404,3604
DEE0D,3605
DE408,3606
DE929,3607
UKG32,3608
UKG32,3609
UKG32,3610
NL230,3611
NL211,3612
NL325,3613
UKH17,3614
UKH17,3615
UKH15,3616
PL619,3618
NL328,3619
NL329,3620
DE409,3621
PL418,3622
PL418,3623
UKG37,3624
DE40E,3625
UKG37,3626
UKG39,3627
UKG38,3628
PL925,3629
PL925,3630
PL924,3631
UKG36,3633
UKG39,3634
PL922,3635
PL922,3636
PL913,3637
PL922,3638
UKL14,3639
UKL24,3640
NL328,3642
NL328,3643
PL418,3644
UKH12,3645
NL329,3646
UKG38,3647
IE053,3649
UKG31,3650
UKG31,3651
DE408,3652
NL329,3653
NL329,3654
PL925,3655
UKG39,3656
UKG38,3657
UKG39,3658
UKG39,3659
PL431,3660
NL211,3661
DE931,3662
NL132,3663
DE94B,3664
UKF25,3665
UKF25,3666
UKH11,3667
DE40A,3668
DE405,3669
DE929,3670
DE938,3671
UKH11,3672
UKH11,3673
UKH12,3674
UKH12,3675
NL211,3676
DE94E,3677
PL427,3678
DE94E,3679
DE94F,3680
UKG24,3681
UKG13,3682
NL211,3683
DE40A,3684
PL925,3685
UKG24,3686
UKG24,3687
PL418,3688
NL133,3689
NL133,3690
UKH12,3692
UKH16,3693
PL414,3694
PL617,3695
PL617,3696
PL431,3698
PL417,3699
NL328,3701
NL328,3702
NL321,3703
DE938,3704
UKF22,3705
UKF22,3706
IE052,3707
DE408,3708
DE40D,3709
DE914,3710
UKH17,3711
UKH17,3712
UKH17,3713
UKH16,3714
DE94F,3715
NL125,3716
NL211,3717
UKH16,3718
DE931,3719
DE93A,3720
NL211,3721
UKG22,3722
UKG24,3723
PL418,3724
NL132,3725
DE93A,3726
NL211,3727
NL211,3728
UKL24,3729
UKL24,3730
UKF22,3731
UKI32,3732
DE40B,3733
DE40G,3734
DED2D,3735
UKI42,3736
UKI52,3737
UKK12,3739
UKK12,3740
UKJ14,3741
UKJ14,3742
UKJ13,3743
UKL22,3744
DEA55,3745
DEA55,3746
UKL22,3747
UKL22,3748
NL414,3749
UKI72,3750
PL714,3751
UKI74,3752
UKI73,3753
UKI52,3754
UKH36,3755
UKH37,3756
NL414,3757
NL414,3758
NL421,3759
PL518,3760
UKI71,3761
UKI43,3762
UKI43,3763
DEG06,3764
DEG07,3765
UKK15,3768
UKI43,3769
UKI53,3770
DEA5C,3771
DEA1F,3772
DEA31,3773
DE40G,3774
PL432,3775
DE91C,3776
DEA32,3777
DEA52,3778
DEA5C,3779
UKJ13,3780
UKI74,3781
UKI72,3782
DEE0B,3783
DEE0B,3784
UKI53,3785
UKI71,3786
UKI54,3787
UKI54,3788
PL921,3789
DEG07,3790
PL921,3792
PL921,3793
UKI53,3794
UKI52,3795
UKI52,3796
DEE05,3797
UKH37,3798
DEE0B,3801
DEA31,3802
DEA31,3803
DEA31,3804
UKH23,3805
UKI74,3806
DEG07,3807
PL926,3809
DEG07,3810
DEG07,3811
PL518,3812
PL518,3813
UKI54,3814
UKI53,3815
NL411,3816
NL411,3817
DEE0E,3818
DE407,3819
DEA44,3820
DEA44,3821
DE918,3822
DEA5C,3823
UKK15,3824
UKK15,3825
UKH23,3826
UKI71,3827
DEE0C,3828
DEE0B,3829
UKK13,3832
UKH23,3833
UKH23,3834
UKI54,3835
UKK14,3836
UKK14,3837
DEA5B,3838
DEA5C,3840
DEA5C,3841
DEA5C,3842
PL815,3843
PL814,3844
NL411,3845
DEA5B,3846
NL411,3847
NL412,3848
DEA5B,3849
DEA5B,3850
DEE0A,3851
DEE0C,3852
DEE0E,3853
DE40B,3856
DEA54,3857
DEA54,3858
NL413,3859
DEA1F,3860
NL421,3861
NL421,3862
UKL17,3863
NL421,3864
NL421,3865
NL342,3867
UKL18,3868
UKL18,3869
PL713,3870
PL713,3871
PL715,3872
PL715,3873
PL516,3874
PL516,3875
UKL17,3876
UKL24,3877
DEA47,3878
UKL24,3879
UKL16,3880
DE407,3881
DE91C,3882
DE91C,3883
DEA1F,3884
DEA1F,3885
UKL24,3886
UKL21,3887
NL412,3888
NL412,3889
DEA36,3890
DEA36,3891
UKH23,3892
UKL21,3893
NL413,3894
NL413,3895
NL413,3896
NL413,3897
DEA1B,3898
DEA38,3899
UKH36,3900
UKH36,3901
UKH36,3902
PL714,3903
DEA45,3904
DEA45,3905
DEA44,3906
UKH23,3907
DEA47,3908
DEA47,3909
DE407,3910
DE407,3911
DE40H,3912
PL926,3913
PL925,3914
PL926,3915
DE40B,3916
DE40B,3917
DE40G,3918
NL33C,3919
NL226,3920
NL225,3921
DEE0C,3922
PL926,3923
DE926,3924
DE926,3925
UKH23,3926
PL712,3927
PL712,3928
DEA45,3929
DE925,3930
DE918,3931
DEA45,3932
UKH21,3933
NL33A,3934
NL33A,3935
DE40G,3936
DE40G,3937
NL33B,3938
NL33A,3939
NL310,3940
NL310,3941
NL224,3943
NL226,3944
DE926,3945
DE926,3946
PL417,3947
UKJ13,3948
DEE05,3949
DEE0E,3950
DE40H,3951
UKL24,3952
UKG11,3953
UKK13,3954
DEA33,3955
PL714,3956
NL33C,3958
NL33C,3959
PL432,3960
DEE0C,3961
PL715,3962
DE916,3963
UKH23,3964
UKH14,3965
UKH14,3966
DE925,3967
UKJ14,3968
PL925,3969
PL815,3970
UKG11,3971
DE40G,3972
DE40G,3973
DE40G,3974
DE40G,3975
DEE0C,3976
DE91B,3977
DEA33,3978
DEA33,3979
UKH12,3980
UKH35,3981
UKJ13,3982
DEE0E,3983
DE40E,3984
DE916,3985
DE91B,3986
DE91B,3987
NL333,3989
DE917,3990
DEE09,3991
DEA42,3992
DEA35,3993
DEA37,3994
DEA45,3995
NL33C,3996
NL33C,3997
PL714,3998
PL714,3999
PL715,4000
UKH12,4001
UKH14,4002
PL432,4003
DEE0C,4004
DEE0C,4005
NL226,4006
NL226,4007
UKF24,4008
NL33B,4009
UKH23,4010
UKH23,4011
UKH23,4012
UKH23,4013
DEA38,4014
DE94E,4015
DEA45,4017
DEA42,4018
DEA43,4019
DEE06,4020
DE40E,4021
UKJ12,4022
UKG12,4023
UKG13,4024
PL418,4025
PL416,4026
DEA42,4027
DEA43,4028
NL225,4029
DE925,4030
PL913,4031
UKG13,4032
UKF24,4033
DE925,4034
DE91B,4035
DE925,4036
UKH24,4037
UKH24,4038
UKH12,4039
DEA45,4040
DE91B,4041
NL337,4043
UKF24,4044
UKF24,4045
DEA46,4046
DEA45,4047
UKF25,4048
UKH24,4049
DEE07,4050
DEE06,4051
IE053,4052
NL33B,4053
DE91A,4054
DE912,4055
NL33B,4056
NL33B,4057
NL225,4058
NL213,4059
DE94B,4060
DEA37,4061
NL225,4062
NL225,4063
NL310,4064
DEA43,4065
DEA46,4066
PL431,4067
DE928,4068
DE929,4069
DE94B,4070
DE929,4073
DE925,4074
PL925,4075
PL842,4076
NL310,4077
PL432,4078
PL432,4079
DE91B,4080
DE91B,4081
PL926,4082
NL329,4083
NL327,4084
NL327,4085
UKG12,4086
NL337,4087
UKH24,4088
UKH24,4089
UKH24,4090
DE94E,4091
DE94E,4092
NL337,4094
DE91A,4095
PL715,4096
DEE07,4097
DE914,4098
DE917,4099
PL432,4100
UKG11,4101
UKG22,4102
PL913,4103
PL912,4104
UKG13,4105
DE40C,4106
DE40C,4107
DE40H,4108
DE406,4109
DE40C,4110
DE917,4111
PL926,4112
PL926,4113
PL926,4114
PL926,4115
NL329,4116
NL327,4117
PL715,4118
PL923,4119
PL923,4120
DE409,4121
DE409,4122
PL431,4123
UKG13,4124
UKG13,4125
DE40E,4126
DE40H,4127
DE40H,4128
UKG32,4129
DEA46,4130
NL213,4131
NL329,4132
UKG36,4133
UKG31,4134
NL325,4135
UKG33,4136
UKH14,4137
NL324,4139
NL221,4140
NL211,4141
DE929,4142
DE91A,4143
UKH16,4144
DE40E,4145
DE94G,4146
UKD62,4147
UKF13,4148
DE94C,4151
DE94H,4152
DE94C,4153
DE936,4154
DE936,4155
DE937,4156
DE935,4157
DE935,4158
DE935,4159
UKD62,4160
UKD62,4161
DE947,4162
DE947,4163
NL113,4166
DE94G,4168
NL124,4170
NL124,4171
DE933,4173
UKD71,4176
UKF30,4177
UKD61,4178
UKD61,4179
DE94G,4180
UKD73,4181
UKD72,4182
PL924,4183
DE80J,4184
DE80N,4185
DE80N,4186
PL924,4187
PL924,4188
UKF13,4189
UKE32,4190
PL618,4191
UKD35,4192
DE600,4193
UKF15,4194
UKF15,4195
UKD73,4196
DE939,4197
DE933,4198
UKD37,4200
UKF13,4201
UKD34,4202
UKD34,4203
UKD37,4204
UKD71,4205
UKD71,4206
UKF13,4207
DE94G,4209
UKF30,4210
UKF30,4211
UKD36,4213
UKD37,4214
UKF13,4215
UKF13,4216
DE932,4217
PL842,4218
PL843,4219
DE939,4220
DE80O,4221
DE80O,4222
PL621,4223
PL621,4224
PL428,4225
UKN0G,4226
UKN0G,4227
UKN0G,4228
UKN0D,4229
UKN0F,4230
UKN0F,4231
PL636,4233
PL636,4234
UKD12,4235
UKN0B,4237
DEF0C,4239
DEF0C,4240
DEF0C,4244
DK032,4245
UKC23,4246
UKC21,4247
UKC22,4248
DK032,4250
UKN0C,4251
UKN0F,4252
UKD12,4254
UKC23,4255
UKN0C,4260
UKN0F,4261
UKN0A,4263
LT024,4266
UKC22,4267
LT027,4269
LT027,4270
UKD12,4271
UKM94,4272
UKD12,4274
UKD12,4275
LT022,4280
UKM92,4281
UKM93,4282
UKM95,4283
LT027,4284
LT025,4285
LT029,4286
LT029,4287
LT026,4288
LT026,4289
LT025,4290
UKM94,4293
LT027,4295
LT028,4297
LT027,4298
UKM95,4299
DK021,4301
DK021,4302
DK012,4304
DK022,4306
DK021,4307
UKM95,4308
UKM95,4309
UKM95,4310
DK013,4311
DK013,4312
UKC21,4314
UKM91,4316
DK022,4318
UKM91,4319
UKM95,4320
UKM95,4321
UKM93,4326
UKM84,4327
UKM84,4328
UKM83,4330
DK041,4331
DK041,4332
DK042,4333
UKM82,4335
LT029,4336
LV005,4337
UKM91,4338
UKM91,4339
UKM75,4342
UKM78,4347
UKM78,4349
UKM84,4351
UKM84,4352
UKM84,4353
LV005,4354
UKM81,4356
UKM77,4358
LT026,4366
LT026,4367
UKM81,4370
UKM81,4371
UKM77,4372
LV009,4374
LT028,4375
LT028,4376
DE937,4377
DE937,4378
DE939,4379
PL618,4380
PL638,4381
DE932,4383
UKE44,4384
UKE45,4385
UKD47,4386
UKD41,4387
UKD37,4388
IE062,4389
UKE31,4391
DE94A,4392
DE80O,4394
DE600,4395
DE80O,4396
PL427,4397
PL637,4398
UKE31,4399
UKE31,4400
UKD41,4401
UKD41,4402
DE94H,4405
DE94H,4406
DE80O,4407
UKD46,4408
UKE44,4409
UKE13,4410
DE80M,4411
DE80M,4412
PL843,4414
PL843,4415
UKD73,4418
PL428,4419
UKE45,4420
DE94H,4422
DE939,4425
DE600,4426
DEF0F,4427
UKE45,4431
UKE45,4432
UKD47,4433
UKD47,4434
UKE44,4435
DE80O,4437
DE80O,4438
UKD45,4439
UKD46,4440
PL637,4441
PL638,4442
PL638,4443
UKE12,4444
IE063,4445
DEF0F,4446
DEF06,4447
DE80M,4448
IE063,4449
UKE44,4450
UKE44,4451
DE939,4452
UKE41,4453
DE939,4457
PL428,4458
PL428,4459
UKE22,4461
DEF0E,4464
DEF0D,4465
DEF0F,4466
PL637,4467
UKE41,4468
UKE42,4469
UKE42,4470
DEF0F,4471
DEF0F,4472
IE041,4474
IE041,4475
UKD46,4477
UKE22,4478
DE80M,4480
PL427,4483
PL636,4484
UKE22,4485
UKE22,4486
UKE21,4487
UKE21,4488
DEF08,4489
DE80N,4491
DE80N,4492
DE80K,4493
DE80L,4494
DEF0E,4495
DEF0D,4496
DE80M,4499
IE041,4500
UKD45,4501
UKD45,4502
UKE22,4503
DEF0D,4505
DEF0E,4506
DEF0E,4507
DEF0D,4508
DEF0D,4509
UKN08,4510
PL638,4512
PL638,4513
DEF0B,4514
DEF0B,4515
DEF0A,4516
PL638,4517
PL638,4518
PL638,4519
UKE22,4521
PL428,4524
IE041,4525
IE041,4526
PL637,4531
PL637,4532
UKN08,4533
DE80N,4534
UKD44,4536
UKE22,4537
DE80K,4539
LT021,4540
DEF0B,4541
DE80L,4546
PL634,4547
DEF0B,4548
DEF0A,4549
PL623,4550
DEF07,4553
DEF0C,4554
UKN07,4555
UKN0B,4556
DEF0A,4558
PL843,4561
LT024,4562
UKN08,4563
UKN08,4564
PL622,4565
DEF0B,4567
DEF0B,4568
UKE22,4574
LT024,4576
LT024,4577
UKN0E,4578
UKN09,4579
UKE22,4580
LT022,4581
LT021,4582
UKE22,4583
UKE22,4584
UKE22,4585
DEF0C,4587
DEF0C,4588
UKN0B,4590
UKN0B,4591
PL636,4596
UKN0D,4597
UKN0E,4598
UKN0E,4599
UKC12,4600
PL634,4602
UKC14,4604
UKC13,4605
UKN0E,4606
UKN0E,4607
UKN0E,4608
UKN0G,4609
UKN0G,4610
UKN0D,4611
UKN09,4613
UKC14,4616
DE94F,4618
DE94F,4619
PL619,4620
IE063,4621
IE062,4622
IE062,4623
UKG22,4624
DE40D,4625
UKL24,4626
UKL24,4627
DE409,4628
PL428,4629
DE927,4630
DE93B,4631
DE93B,4633
NL133,4634
NL133,4635
DE938,4636
DE938,4637
DE93A,4638
PL923,4639
DE934,4640
DE934,4641
DEE0D,4642
UKF22,4643
UKF22,4644
PL428,4645
PL923,4646
PL923,4647
PL619,4650
PL619,4651
UKF22,4652
UKF30,4653
UKG22,4654
UKG22,4655
UKF13,4656
DE40A,4657
DE40I,4658
NL132,4659
NL132,4660
NL132,4661
UKG22,4662
UKG22,4663
UKG24,4664
NL125,4665
DE94D,4666
DE93B,4667
DE934,4668
DE40F,4669
PL431,4670
PL431,4671
PL431,4672
DE941,4673
DE922,4674
UKF16,4675
UKF16,4676
UKF16,4677
DE949,4678
NL126,4679
NL126,4680
DE94D,4681
DE93A,4682
NL131,4683
UKF15,4684
UKF16,4685
UKG24,4686
NL131,4687
DE94D,4688
DE94D,4689
DE94G,4690
DE941,4691
NL111,4692
DE94C,4693
DE934,4694
DE93A,4695
DE93B,4696
DE938,4697
DE93B,4699
DE93B,4700
NL125,4702
PL922,4703
DE94D,4704
DE94G,4705
DE94G,4706
DE935,4707
DE935,4708
DE934,4709
NL126,4710
NL126,4711
DE40D,4712
IE051,4713
IE063,4714
DE94C,4715
DE948,4716
DE93A,4717
DE946,4718
DE94G,4719
NL131,4720
PL842,4723
UKG24,4724
UKG24,4725
UKG24,4726
PL922,4727
DE938,4728
DE938,4729
DE938,4730
DE94G,4731
DE936,4732
DE936,4733
DE80J,4734
DE40I,4735
NL111,4736
UKL13,4739
PL616,4740
NL113,4741
NL112,4742
UKD63,4744
PL617,4745
PL922,4746
PL922,4747
PL924,4748
PL618,4749
PL617,4750
PL618,4751
UKF13,4753
UKF15,4754
UKD74,4757
UKD74,4758
DE80J,4759
DE80O,4760
DE40F,4761
DE80O,4762
UKD71,4763
UKF12,4765
UKF12,4766
PL428,4767
DE937,4769
UKL23,4771
UKD63,4774
UKD63,4775
DE94C,4776
DE94C,4777
DE94A,4778
DE94G,4779
UKD62,4780
DE935,4781
LV003,4782
LT028,4783
LT028,4784
LV003,4785
LV003,4786
LV009,4787
SE231,4790
SE224,4792
SE224,4793
SE221,4794
SE221,4795
SE221,4796
LV009,4797
LV009,4798
DK042,4799
DK050,4800
DK050,4803
LV009,4804
UKM77,4807
LV009,4808
LV009,4809
LV009,4810
UKM77,4811
UKM71,4812
UKM77,4813
UKM77,4814
UKM71,4815
SE231,4816
LV007,4818
SE231,4819
SE212,4820
SE213,4821
LV007,4822
LV008,4828
UKM63,4830
UKM63,4831
UKM62,4832
SE232,4835
SE232,4836
UKM62,4840
SE213,4843
SE211,4844
LV007,4849
LV008,4850
LV008,4853
LV008,4854
SE213,4855
SE232,4856
SE211,4857
EE008,4865
SE232,4866
EE008,4871
SE124,4872
SE123,4873
EE009,4874
EE009,4875
EE008,4877
SE232,4878
NO0A1,4879
SE311,4880
SE124,4882
EE009,4883
EE004,4885
NO082,4886
SE311,4887
SE122,4891
NO0A2,4893
EE00A,4895
SE125,4898
SE122,4899
EE009,4901
EE009,4902
NO0A1,4905
NO0A1,4906
NO092,4907
NO0A2,4911
NO0A1,4912
NO082,4914
SE125,4915
NO082,4917
SE311,4919
NO091,4920
SE312,4921
NO0A2,4922
NO082,4923
NO082,4924
NO091,4925
SE312,4926
SE125,4927
SE121,4928
NO020,4935
NO020,4936
FI1C1,4937
SE313,4938
FI1C4,4943
FI1C4,4944
FI1C2,4945
FI1C3,4946
FI1C2,4947
FI1C2,4948
FI1C1,4949
FI1C1,4950
FI1C1,4953
NO020,4954
SE312,4955
NO0A2,4956
NO020,4957
FI1C5,4958
FI1C5,4959
FI1C4,4960
FI1D1,4961
FI1C2,4962
FI1C3,4963
FI1C3,4964
FI1C3,4965
SE313,4966
FI1D1,4967
FI1D1,4968
FI1D1,4969
FI1C3,4970
FI1D3,4971
NO0A2,4974
NO0A2,4975
FI196,4976
NO0A3,4977
NO020,4980
SE322,4981
SE322,4982
FI196,4983
FI197,4984
SE322,4985
SE321,4986
SE322,4987
FI197,4988
FI197,4989
NO0A3,4990
FI1D1,4991
FI1D1,4992
FI1D2,4993
FI1D2,4994
FI1D3,4995
NO060,4996
FI194,4997
FI195,4998
FI1D5,4999
NO060,5000
FI1D2,5002
FI1D5,5003
FI1D9,5006
FI1D9,5007
FI1D3,5008
FI1D5,5011
FI1D5,5012
FI1D8,5013
SE322,5015
SE322,5016
SE331,5017
FI1D9,5018
FI1D9,5019
FI1D8,5020
FI1D9,5022
FI1D9,5023
IS002,5026
SE322,5027
SE322,5028
SE331,5029
NO071,5033
NO071,5034
SE322,5035
SE331,5036
FI1D9,5037
FI1D9,5038
SE331,5045
SE331,5046
SE332,5047
FI1D9,5050
SE332,5053
SE332,5054
NO074,5055
NO074,5056
SE332,5058
SE332,5059
NO074,5062
NO0B2,5073
NO0B2,5074
NO0B2,5075
NO0B2,5076
NO0B2,5077
NO0B2,5078
NO0B2,5079
NO0B2,5080
NO0B1,5081
NO0B,5073
NO0B,5074
NO0B,5075
NO0B,5076
NO0B,5077
NO0B,5078
NO0B,5079
NO0B,5080
NO0B,5081
NO0,5073
NO0,5074
NO0,5075
NO0,5076
NO0,5077
NO0,5078
NO0,5079
NO0,5080
NO0,5081
NO,5073
NO,5074
NO,5075
NO,5076
NO,5077
NO,5078
NO,5079
NO,5080
NO,5081
DE141,2493
DE141,2494
DE22C,2495
DE22A,2496
SK023,2497
SK023,2498
DE21J,2499
DE226,2500
SK021,2501
DE277,2502
DE276,2503
DE275,2504
DE275,2505
FR102,2506
FRF23,2507
FRH03,2509
DE145,2510
DE145,2511
DE145,2512
DE12C,2513
DE12C,2514
FRH02,2516
FRB02,2517
FRF24,2518
FRF32,2519
FRF32,2520
FR104,2521
DE277,2522
DE277,2523
DE21J,2524
DE113,2525
AT313,2526
FRF11,2527
DE134,2528
DE134,2529
DE22C,2530
DE11C,2531
DE228,2532
DE228,2533
SK032,2534
DE11D,2535
DE27D,2536
DE27D,2537
DE21J,2538
FR107,2539
FR107,2540
FRD13,2541
DE114,2542
DE112,2543
DE22B,2544
AT313,2545
CZ031,2546
DE227,2547
DE238,2548
DE116,2549
DE11D,2550
DE113,2551
DE116,2552
FR104,2553
FR105,2554
FR105,2555
DE12A,2556
DE21I,2557
DE219,2558
DE226,2559
DE22C,2562
DE22C,2563
FR107,2564
DE21J,2565
SK021,2566
SK022,2567
FR107,2568
DE12B,2569
DE27D,2570
DE21I,2571
DE12A,2572
DE12A,2573
DE124,2574
DE124,2575
DE115,2576
DE116,2577
FR107,2578
FR107,2579
FR107,2580
FR102,2581
AT125,2582
AT125,2583
AT125,2584
SK022,2585
DE225,2587
DE27D,2588
DE12B,2589
DE115,2590
SK042,2591
FR105,2592
FR106,2593
SK032,2594
SK032,2595
SK041,2596
AT124,2597
FR105,2598
FRB02,2599
FRB02,2600
DE22B,2601
DE22B,2602
CZ031,2603
FRD13,2604
FRD21,2605
FR108,2606
FR106,2607
DE226,2608
DE12B,2609
DE12B,2610
DE22B,2611
DE229,2612
DE11D,2613
FRF11,2614
CZ031,2615
CZ031,2616
DE27D,2617
DE229,2618
CZ032,2619
DEB3E,2620
DE124,2621
DEB3E,2622
SK042,2623
DEB3E,2624
FR108,2625
FR106,2626
DE236,2627
DE238,2628
DE256,2629
DE25C,2630
DE238,2631
DE12B,2632
DE118,2633
DE118,2634
DE118,2635
DE116,2636
FRF11,2637
FRF11,2638
DE25C,2639
FRF33,2640
FRF33,2641
FRF11,2642
DE12B,2643
DE12B,2644
DE11D,2645
DE256,2646
DE256,2647
FR103,2648
FR108,2649
DE25B,2650
DE236,2651
DE118,2652
DE11A,2653
FR108,2654
DEB3E,2655
DE123,2656
DE123,2657
DE11A,2659
DE235,2660
DE22B,2661
FR102,2662
FR102,2663
FR102,2664
DE25C,2665
DE118,2666
DE238,2667
FRF33,2668
FRF33,2669
DE238,2670
DE238,2671
DE235,2672
CZ032,2673
DEC05,2674
DE123,2675
DE238,2676
DE239,2677
DE25C,2678
DE25C,2679
SK041,2680
FRF33,2681
DE239,2682
FR108,2683
FR108,2684
FR108,2685
DEB3H,2686
DEB3H,2687
FRF32,2688
DEB3E,2689
DE256,2690
DE118,2691
DEB37,2692
CZ072,2693
CZ072,2694
DEB3I,2695
DEB38,2696
DE128,2697
DE128,2698
DEB3E,2699
DEB3E,2700
DEB3I,2701
DEC05,2702
DEB3I,2703
DEB38,2704
DEB3H,2705
SK022,2706
SK031,2707
SK031,2708
DEB3A,2709
DEB3A,2710
DEB3A,2711
FRD12,2712
DEB3C,2713
DE25B,2714
DEB3H,2715
DEB3H,2716
DE25B,2717
DEB3I,2718
DE127,2719
DE119,2720
DEC05,2721
DEC05,2722
DEB3F,2723
DE11A,2724
DEB3F,2725
DE25B,2726
DE25B,2727
DE255,2728
DEC04,2729
DEC03,2730
DE25B,2731
DE25B,2732
DEB3C,2733
DE11B,2734
DE256,2735
DE25B,2736
DE25B,2737
SK031,2738
FRF23,2739
FRF23,2740
FRF23,2741
DEC05,2742
DEB3G,2743
FRD22,2744
FRE22,2745
DEB3I,2746
SK041,2747
DE259,2748
DE236,2749
FRF33,2750
DE127,2751
DE11B,2752
FRD21,2754
DE256,2755
DEB3G,2756
SK041,2757
SK041,2758
SK041,2759
DE258,2760
DE258,2761
DEC04,2762
DEC06,2763
FRD22,2765
DEB3I,2766
DE128,2767
DE128,2768
FRF33,2769
DE256,2770
DE25A,2771
DE127,2772
DE259,2773
DE239,2774
CZ032,2775
DEB3F,2776
DEB3I,2777
FRF33,2778
LU000,2779
FRF32,2780
FRF32,2781
DEC04,2782
DEC06,2783
CZ032,2784
SK031,2785
DE128,2786
DE715,2787
DEB3F,2788
DE71B,2789
DE128,2790
DE234,2791
DE234,2792
DE258,2793
DE257,2794
DE25A,2795
DE254,2796
DE254,2797
CZ072,2798
CZ080,2799
DE258,2800
DE258,2801
DE253,2802
DEB34,2803
DEB34,2804
DE239,2805
DE25A,2806
FRF31,2807
FRF31,2808
LU000,2809
DE239,2810
DE239,2811
DEB3G,2812
CZ031,2813
CZ031,2814
CZ031,2815
CZ031,2816
LU000,2817
DEB3I,2819
DEB31,2820
DE71B,2821
CZ064,2822
CZ064,2823
DEB3I,2824
DE715,2825
DEB3I,2826
DEB3G,2827
DEB3F,2828
DEB3C,2829
DEB3I,2830
DEB3I,2831
CZ064,2832
CZ071,2833
DE259,2834
DEB25,2837
DEC06,2838
DEC06,2839
SK031,2840
SK031,2841
FRF32,2842
FRF32,2843
DE257,2844
DE26C,2845
DEB3D,2846
DEB3C,2847
DEB25,2848
DEB15,2849
DEB3G,2850
PL219,2851
DE269,2852
DE127,2853
DE259,2854
DEB25,2855
FRE22,2856
DEB3G,2857
DEB3G,2858
DE259,2859
DE259,2860
FRF21,2861
DE25A,2862
DEB3B,2863
DEB39,2864
DEB3B,2865
DE717,2866
DE716,2867
DE71B,2868
PL822,2869
DE237,2870
DE237,2871
DEB3D,2872
DEB3D,2873
DE268,2874
DE25A,2875
FRE22,2876
FRE23,2877
FRE23,2878
CZ032,2879
DE246,2880
DE237,2881
DE257,2882
DE257,2883
DE257,2884
PL225,2885
PL821,2886
DE269,2887
DE248,2888
BE345,2889
BE345,2890
DE26A,2891
DE26C,2892
DE26C,2893
PL218,2894
PL218,2895
FRF21,2896
DEB3B,2897
BE344,2898
LU000,2899
DE268,2900
PL21A,2901
PL21A,2902
PL219,2903
DEB3B,2904
BE334,2905
BE334,2906
PL22B,2907
PL22B,2908
PL722,2909
DED43,2910
BE32A,2911
BE32A,2912
BE328,2913
DE732,2914
BE32A,2916
BE32A,2917
BE32A,2918
BE334,2919
BE334,2920
DEG0K,2921
DEG0K,2922
DEA28,2923
NL423,2924
BE336,2925
DEA2D,2926
